CREATE TABLE brazil_capacidade_pagamento (
     year INTEGER NOT NULL,
     capacidade_pagamento NUMERIC NOT NULL
);

CREATE TABLE region_capacidade_pagamento (
     region_id INTEGER NOT NULL,
     year INTEGER NOT NULL,
     capacidade_pagamento NUMERIC NOT NULL
);

CREATE TABLE state_capacidade_pagamento (
     state_id INTEGER NOT NULL,
     year INTEGER NOT NULL,
     capacidade_pagamento NUMERIC NOT NULL
);

CREATE TABLE city_capacidade_pagamento (
     city_id INTEGER NOT NULL,
     year INTEGER NOT NULL,
     capacidade_pagamento NUMERIC NOT NULL
);

INSERT INTO brazil_capacidade_pagamento (year, capacidade_pagamento) VALUES
(2020,2),
(2021,1),
(2022,1);

INSERT INTO region_capacidade_pagamento (region_id, year, capacidade_pagamento) VALUES
(1,2020,3),
(1,2021,2),
(1,2022,2),

(2,2020,2),
(2,2021,3),
(2,2022,1),

(3,2020,1),
(3,2021,3),
(3,2022,1),

(4,2020,2),
(4,2021,3),
(4,2022,1),

(5,2020,1),
(5,2021,3),
(5,2022,1);

INSERT INTO state_capacidade_pagamento (state_id, year, capacidade_pagamento) VALUES
(1,2020,1),
(1,2021,3),
(1,2022,3),

(2,2020,3),
(2,2021,2),
(2,2022,3),

(3,2020,3),
(3,2021,2),
(3,2022,2),

(4,2020,1),
(4,2021,2),
(4,2022,3),

(5,2020,2),
(5,2021,3),
(5,2022,3),

(6,2020,1),
(6,2021,2),
(6,2022,3),

(7,2020,2),
(7,2021,3),
(7,2022,3),

(8,2020,2),
(8,2021,3),
(8,2022,1),

(9,2020,2),
(9,2021,2),
(9,2022,3),

(10,2020,1),
(10,2021,2),
(10,2022,3),

(11,2020,3),
(11,2021,1),
(11,2022,2),

(12,2020,3),
(12,2021,2),
(12,2022,1),

(13,2020,2),
(13,2021,1),
(13,2022,3),

(14,2020,2),
(14,2021,1),
(14,2022,2),

(15,2020,1),
(15,2021,3),
(15,2022,2),

(16,2020,2),
(16,2021,3),
(16,2022,1),

(17,2020,3),
(17,2021,1),
(17,2022,2),

(18,2020,3),
(18,2021,2),
(18,2022,2),

(19,2020,1),
(19,2021,1),
(19,2022,2),

(20,2020,1),
(20,2021,2),
(20,2022,2),

(21,2020,3),
(21,2021,1),
(21,2022,2),

(22,2020,3),
(22,2021,2),
(22,2022,2),

(23,2020,2),
(23,2021,1),
(23,2022,3),

(24,2020,3),
(24,2021,1),
(24,2022,3),

(25,2020,2),
(25,2021,1),
(25,2022,2),

(26,2020,3),
(26,2021,3),
(26,2022,3),

(27,2020,2),
(27,2021,2),
(27,2022,3);

INSERT INTO city_capacidade_pagamento (city_id, year, capacidade_pagamento) VALUES
(1,2020,1),
(1,2021,3),
(1,2022,3),

(2,2020,1),
(2,2021,2),
(2,2022,1),

(3,2020,1),
(3,2021,3),
(3,2022,1),

(4,2020,1),
(4,2021,1),
(4,2022,1),

(5,2020,1),
(5,2021,2),
(5,2022,1),

(6,2020,1),
(6,2021,1),
(6,2022,1),

(7,2020,2),
(7,2021,2),
(7,2022,1),

(8,2020,2),
(8,2021,2),
(8,2022,3),

(9,2020,2),
(9,2021,3),
(9,2022,1),

(10,2020,2),
(10,2021,3),
(10,2022,2),

(11,2020,2),
(11,2021,2),
(11,2022,3),

(12,2020,1),
(12,2021,3),
(12,2022,3),

(13,2020,1),
(13,2021,2),
(13,2022,2),

(14,2020,3),
(14,2021,2),
(14,2022,3),

(15,2020,3),
(15,2021,1),
(15,2022,3),

(16,2020,1),
(16,2021,3),
(16,2022,2),

(17,2020,3),
(17,2021,1),
(17,2022,1),

(18,2020,1),
(18,2021,3),
(18,2022,2),

(19,2020,2),
(19,2021,3),
(19,2022,3),

(20,2020,3),
(20,2021,3),
(20,2022,3),

(21,2020,3),
(21,2021,2),
(21,2022,2),

(22,2020,3),
(22,2021,1),
(22,2022,3),

(23,2020,2),
(23,2021,1),
(23,2022,3),

(24,2020,1),
(24,2021,2),
(24,2022,2),

(25,2020,2),
(25,2021,2),
(25,2022,2),

(26,2020,1),
(26,2021,2),
(26,2022,2),

(27,2020,1),
(27,2021,1),
(27,2022,1),

(28,2020,3),
(28,2021,2),
(28,2022,3),

(29,2020,3),
(29,2021,3),
(29,2022,3),

(30,2020,2),
(30,2021,3),
(30,2022,2),

(31,2020,3),
(31,2021,2),
(31,2022,1),

(32,2020,3),
(32,2021,3),
(32,2022,1),

(33,2020,1),
(33,2021,1),
(33,2022,1),

(34,2020,3),
(34,2021,3),
(34,2022,3),

(35,2020,1),
(35,2021,2),
(35,2022,2),

(36,2020,1),
(36,2021,1),
(36,2022,1),

(37,2020,2),
(37,2021,3),
(37,2022,3),

(38,2020,3),
(38,2021,3),
(38,2022,1),

(39,2020,1),
(39,2021,3),
(39,2022,3),

(40,2020,2),
(40,2021,2),
(40,2022,3),

(41,2020,2),
(41,2021,3),
(41,2022,3),

(42,2020,2),
(42,2021,3),
(42,2022,2),

(43,2020,3),
(43,2021,1),
(43,2022,1),

(44,2020,2),
(44,2021,2),
(44,2022,3),

(45,2020,3),
(45,2021,3),
(45,2022,1),

(46,2020,1),
(46,2021,1),
(46,2022,2),

(47,2020,2),
(47,2021,3),
(47,2022,3),

(48,2020,1),
(48,2021,3),
(48,2022,2),

(49,2020,2),
(49,2021,1),
(49,2022,3),

(50,2020,3),
(50,2021,2),
(50,2022,3),

(51,2020,3),
(51,2021,1),
(51,2022,2),

(52,2020,3),
(52,2021,3),
(52,2022,3),

(53,2020,1),
(53,2021,2),
(53,2022,1),

(54,2020,2),
(54,2021,1),
(54,2022,2),

(55,2020,2),
(55,2021,1),
(55,2022,2),

(56,2020,2),
(56,2021,3),
(56,2022,3),

(57,2020,1),
(57,2021,1),
(57,2022,1),

(58,2020,3),
(58,2021,1),
(58,2022,1),

(59,2020,2),
(59,2021,1),
(59,2022,1),

(60,2020,2),
(60,2021,1),
(60,2022,1),

(61,2020,3),
(61,2021,1),
(61,2022,3),

(62,2020,3),
(62,2021,3),
(62,2022,2),

(63,2020,3),
(63,2021,1),
(63,2022,1),

(64,2020,2),
(64,2021,3),
(64,2022,1),

(65,2020,1),
(65,2021,1),
(65,2022,2),

(66,2020,2),
(66,2021,1),
(66,2022,3),

(67,2020,3),
(67,2021,1),
(67,2022,2),

(68,2020,3),
(68,2021,1),
(68,2022,1),

(69,2020,3),
(69,2021,2),
(69,2022,2),

(70,2020,3),
(70,2021,2),
(70,2022,2),

(71,2020,2),
(71,2021,1),
(71,2022,3),

(72,2020,2),
(72,2021,3),
(72,2022,2),

(73,2020,1),
(73,2021,2),
(73,2022,3),

(74,2020,3),
(74,2021,3),
(74,2022,2),

(75,2020,2),
(75,2021,3),
(75,2022,2),

(76,2020,2),
(76,2021,2),
(76,2022,2),

(77,2020,3),
(77,2021,1),
(77,2022,3),

(78,2020,2),
(78,2021,1),
(78,2022,2),

(79,2020,3),
(79,2021,2),
(79,2022,2),

(80,2020,2),
(80,2021,1),
(80,2022,1),

(81,2020,1),
(81,2021,1),
(81,2022,2);

