CREATE TABLE brazil_gini (
     year INTEGER NOT NULL,
     gini NUMERIC NOT NULL
);

CREATE TABLE region_gini (
     region_id INTEGER NOT NULL,
     year INTEGER NOT NULL,
     gini NUMERIC NOT NULL
);

CREATE TABLE state_gini (
     state_id INTEGER NOT NULL,
     year INTEGER NOT NULL,
     gini NUMERIC NOT NULL
);

CREATE TABLE city_gini (
     city_id INTEGER NOT NULL,
     year INTEGER NOT NULL,
     gini NUMERIC NOT NULL
);

INSERT INTO brazil_gini (year, gini) VALUES
(2020,0.2577284422739722),
(2021,0.7116185805606977),
(2022,0.506911515875572);

INSERT INTO region_gini (region_id, year, gini) VALUES
(1,2020,0.606),
(1,2021,0.515),
(1,2022,0.901),

(2,2020,0.292),
(2,2021,0.572),
(2,2022,0.47),

(3,2020,0.689),
(3,2021,0.103),
(3,2022,0.664),

(4,2020,0.226),
(4,2021,0.322),
(4,2022,0.922),

(5,2020,0.237),
(5,2021,0.23),
(5,2022,0.453);

INSERT INTO state_gini (state_id, year, gini) VALUES
(1,2020,0.089),
(1,2021,0.43),
(1,2022,0.85),

(2,2020,0.136),
(2,2021,0.346),
(2,2022,0.836),

(3,2020,0.627),
(3,2021,0.305),
(3,2022,0.981),

(4,2020,0.291),
(4,2021,0.611),
(4,2022,0.223),

(5,2020,0.651),
(5,2021,0.14),
(5,2022,0.881),

(6,2020,0.454),
(6,2021,0.605),
(6,2022,0.458),

(7,2020,0.328),
(7,2021,0.216),
(7,2022,0.752),

(8,2020,0.066),
(8,2021,0.531),
(8,2022,0.689),

(9,2020,0.952),
(9,2021,0.741),
(9,2022,0.231),

(10,2020,0.525),
(10,2021,0.993),
(10,2022,0.983),

(11,2020,0.345),
(11,2021,0.469),
(11,2022,0.685),

(12,2020,0.026),
(12,2021,0.679),
(12,2022,0.368),

(13,2020,0.739),
(13,2021,0.721),
(13,2022,0.711),

(14,2020,0.718),
(14,2021,0.596),
(14,2022,0.873),

(15,2020,0.664),
(15,2021,0.71),
(15,2022,0.521),

(16,2020,0.945),
(16,2021,0.998),
(16,2022,0.811),

(17,2020,0.684),
(17,2021,0.119),
(17,2022,0.845),

(18,2020,0.222),
(18,2021,0.303),
(18,2022,0.741),

(19,2020,0.281),
(19,2021,0.435),
(19,2022,0.573),

(20,2020,0.026),
(20,2021,0.646),
(20,2022,0.593),

(21,2020,0.977),
(21,2021,0.755),
(21,2022,0.443),

(22,2020,0.279),
(22,2021,0.331),
(22,2022,0.855),

(23,2020,0.493),
(23,2021,0.024),
(23,2022,0.553),

(24,2020,0.1),
(24,2021,0.024),
(24,2022,0.629),

(25,2020,0.182),
(25,2021,0.829),
(25,2022,0.534),

(26,2020,0.084),
(26,2021,0.982),
(26,2022,0.425),

(27,2020,0.892),
(27,2021,0.247),
(27,2022,0.305);

INSERT INTO city_gini (city_id, year, gini) VALUES
(1,2020,0.972),
(1,2021,0.61),
(1,2022,0.332),

(2,2020,0.752),
(2,2021,0.509),
(2,2022,0.385),

(3,2020,0.28),
(3,2021,0.332),
(3,2022,0.145),

(4,2020,0.196),
(4,2021,0.36),
(4,2022,0.951),

(5,2020,0.488),
(5,2021,0.628),
(5,2022,0.349),

(6,2020,0.405),
(6,2021,0.678),
(6,2022,0.528),

(7,2020,0.641),
(7,2021,0.128),
(7,2022,0.501),

(8,2020,0.561),
(8,2021,0.039),
(8,2022,0.438),

(9,2020,0.274),
(9,2021,0.712),
(9,2022,0.946),

(10,2020,0.51),
(10,2021,0.46),
(10,2022,0.422),

(11,2020,0.037),
(11,2021,0.634),
(11,2022,0.75),

(12,2020,0.581),
(12,2021,0.684),
(12,2022,0.195),

(13,2020,0.288),
(13,2021,0.607),
(13,2022,0.613),

(14,2020,0.939),
(14,2021,0.699),
(14,2022,0.631),

(15,2020,0.648),
(15,2021,0.865),
(15,2022,0.446),

(16,2020,0.159),
(16,2021,0.625),
(16,2022,0.891),

(17,2020,0.902),
(17,2021,0.902),
(17,2022,0.901),

(18,2020,0.443),
(18,2021,0.081),
(18,2022,0.156),

(19,2020,0.728),
(19,2021,0.16),
(19,2022,0.098),

(20,2020,0.502),
(20,2021,0.132),
(20,2022,0.488),

(21,2020,0.9),
(21,2021,0.096),
(21,2022,0.508),

(22,2020,0.763),
(22,2021,0.078),
(22,2022,0.873),

(23,2020,0.551),
(23,2021,0.379),
(23,2022,0.769),

(24,2020,0.001),
(24,2021,0.234),
(24,2022,0.643),

(25,2020,0.037),
(25,2021,0.146),
(25,2022,0.484),

(26,2020,0.358),
(26,2021,0.576),
(26,2022,0.664),

(27,2020,0.415),
(27,2021,0.68),
(27,2022,0.82),

(28,2020,0.427),
(28,2021,0.368),
(28,2022,0.801),

(29,2020,0.082),
(29,2021,0.033),
(29,2022,0.867),

(30,2020,0.858),
(30,2021,0.244),
(30,2022,0.335),

(31,2020,0.835),
(31,2021,0.432),
(31,2022,0.809),

(32,2020,0.116),
(32,2021,0.124),
(32,2022,0.366),

(33,2020,0.808),
(33,2021,0.289),
(33,2022,0.891),

(34,2020,0.425),
(34,2021,0.038),
(34,2022,0.764),

(35,2020,0.856),
(35,2021,0.494),
(35,2022,0.078),

(36,2020,0.662),
(36,2021,0.116),
(36,2022,0.794),

(37,2020,0.376),
(37,2021,0.419),
(37,2022,0.279),

(38,2020,0.857),
(38,2021,0.394),
(38,2022,0.303),

(39,2020,0.688),
(39,2021,0.642),
(39,2022,0.716),

(40,2020,0.029),
(40,2021,0.248),
(40,2022,0.871),

(41,2020,0.627),
(41,2021,0.713),
(41,2022,0.036),

(42,2020,0.095),
(42,2021,0.499),
(42,2022,0.971),

(43,2020,0.101),
(43,2021,0.291),
(43,2022,0.548),

(44,2020,0.347),
(44,2021,0.633),
(44,2022,0.565),

(45,2020,0.129),
(45,2021,0.888),
(45,2022,0.186),

(46,2020,0.155),
(46,2021,0.039),
(46,2022,0.463),

(47,2020,0.46),
(47,2021,0.054),
(47,2022,0.709),

(48,2020,0.143),
(48,2021,0.672),
(48,2022,0.596),

(49,2020,0.399),
(49,2021,0.755),
(49,2022,0.28),

(50,2020,0.118),
(50,2021,0.61),
(50,2022,0.293),

(51,2020,0.734),
(51,2021,0.668),
(51,2022,0.523),

(52,2020,0.485),
(52,2021,0.38),
(52,2022,0.547),

(53,2020,0.401),
(53,2021,0.095),
(53,2022,0.139),

(54,2020,0.414),
(54,2021,0.993),
(54,2022,0.388),

(55,2020,0.07),
(55,2021,0.595),
(55,2022,0.118),

(56,2020,0.536),
(56,2021,0.976),
(56,2022,0.303),

(57,2020,0.354),
(57,2021,0.22),
(57,2022,0.888),

(58,2020,0.638),
(58,2021,0.506),
(58,2022,0.468),

(59,2020,0.333),
(59,2021,0.098),
(59,2022,0.96),

(60,2020,0.393),
(60,2021,0.958),
(60,2022,0.934),

(61,2020,0.45),
(61,2021,0.499),
(61,2022,0.048),

(62,2020,0.218),
(62,2021,0.391),
(62,2022,0.619),

(63,2020,0.579),
(63,2021,0.396),
(63,2022,0.936),

(64,2020,0.662),
(64,2021,0.483),
(64,2022,0.154),

(65,2020,0.095),
(65,2021,0.303),
(65,2022,0.408),

(66,2020,0.45),
(66,2021,0.25),
(66,2022,0.962),

(67,2020,0.283),
(67,2021,0.209),
(67,2022,0.928),

(68,2020,0.428),
(68,2021,0.461),
(68,2022,0.792),

(69,2020,0.804),
(69,2021,0.801),
(69,2022,0.459),

(70,2020,0.535),
(70,2021,0.159),
(70,2022,0.335),

(71,2020,0.712),
(71,2021,0.076),
(71,2022,0.636),

(72,2020,0.098),
(72,2021,0.663),
(72,2022,0.031),

(73,2020,0.118),
(73,2021,0.754),
(73,2022,0.009),

(74,2020,0.677),
(74,2021,0.515),
(74,2022,0.162),

(75,2020,0.162),
(75,2021,0.026),
(75,2022,0.293),

(76,2020,0.755),
(76,2021,0.001),
(76,2022,0.022),

(77,2020,0.348),
(77,2021,0.339),
(77,2022,0.948),

(78,2020,0.071),
(78,2021,0.247),
(78,2022,0.202),

(79,2020,0.71),
(79,2021,0.901),
(79,2022,0.132),

(80,2020,0.674),
(80,2021,0.561),
(80,2022,0.352),

(81,2020,0.428),
(81,2021,0.403),
(81,2022,0.823);