CREATE TABLE brazil_pib_per_capita (
     year INTEGER NOT NULL,
     pib_per_capita NUMERIC NOT NULL
);

CREATE TABLE region_pib_per_capita (
     region_id INTEGER NOT NULL,
     year INTEGER NOT NULL,
     pib_per_capita NUMERIC NOT NULL
);

CREATE TABLE state_pib_per_capita (
     state_id INTEGER NOT NULL,
     year INTEGER NOT NULL,
     pib_per_capita NUMERIC NOT NULL
);

CREATE TABLE city_pib_per_capita (
     city_id INTEGER NOT NULL,
     year INTEGER NOT NULL,
     pib_per_capita NUMERIC NOT NULL
);

INSERT INTO brazil_pib_per_capita (year, pib_per_capita) VALUES
(2020,220300.71),
(2021,678165.124),
(2022,651868.867);

INSERT INTO region_pib_per_capita (region_id, year, pib_per_capita) VALUES
(1,2020,65406.37),
(1,2021,116706.552),
(1,2022,404394.582),

(2,2020,57091.12),
(2,2021,278299.147),
(2,2022,703205.006),

(3,2020,629450.114),
(3,2021,559033.76),
(3,2022,310098.193),

(4,2020,561928.939),
(4,2021,240068.75),
(4,2022,613555.813),

(5,2020,95525.777),
(5,2021,494120.73),
(5,2022,17940.56);

INSERT INTO state_pib_per_capita (state_id, year, pib_per_capita) VALUES
(1,2020,295820.383),
(1,2021,493310.656),
(1,2022,346628.641),

(2,2020,288399.106),
(2,2021,644554.182),
(2,2022,702484.535),

(3,2020,411531.621),
(3,2021,426432.641),
(3,2022,532539.337),

(4,2020,68242.625),
(4,2021,77911.793),
(4,2022,530667.643),

(5,2020,142737.879),
(5,2021,157584.172),
(5,2022,512485.538),

(6,2020,723016.176),
(6,2021,797723.884),
(6,2022,32193.222),

(7,2020,334275.974),
(7,2021,567506.113),
(7,2022,70989.422),

(8,2020,202288.172),
(8,2021,631386.258),
(8,2022,629931.718),

(9,2020,633934.197),
(9,2021,172914.007),
(9,2022,209293.182),

(10,2020,328427.405),
(10,2021,580090.691),
(10,2022,385668.399),

(11,2020,610151.41),
(11,2021,624374.269),
(11,2022,358646.666),

(12,2020,67703.397),
(12,2021,432253.716),
(12,2022,206401.754),

(13,2020,295719.087),
(13,2021,373000.418),
(13,2022,521668.255),

(14,2020,634410.162),
(14,2021,720698.671),
(14,2022,534907.485),

(15,2020,670135.125),
(15,2021,46176.033),
(15,2022,608323.091),

(16,2020,188122.124),
(16,2021,467785.044),
(16,2022,154131.414),

(17,2020,520007.169),
(17,2021,470520.506),
(17,2022,216496.545),

(18,2020,766463.257),
(18,2021,508397.844),
(18,2022,191685.061),

(19,2020,616416.192),
(19,2021,498125.459),
(19,2022,138998.711),

(20,2020,461516.868),
(20,2021,604687.625),
(20,2022,462996.291),

(21,2020,574717.679),
(21,2021,783294.722),
(21,2022,406828.306),

(22,2020,32259.752),
(22,2021,750249.09),
(22,2022,732652.105),

(23,2020,347249.321),
(23,2021,780233.191),
(23,2022,565934.971),

(24,2020,127222.641),
(24,2021,153042.004),
(24,2022,415370.815),

(25,2020,776417.209),
(25,2021,427786.455),
(25,2022,409787.758),

(26,2020,650411.466),
(26,2021,199647.365),
(26,2022,793686.712),

(27,2020,370765.546),
(27,2021,752597.933),
(27,2022,434772.335);

INSERT INTO city_pib_per_capita (city_id, year, pib_per_capita) VALUES
(1,2020,744943.905),
(1,2021,501826.155),
(1,2022,20579.587),

(2,2020,737323.387),
(2,2021,199493.034),
(2,2022,773938.159),

(3,2020,427568.595),
(3,2021,152539.739),
(3,2022,506909.914),

(4,2020,116428.131),
(4,2021,496754.684),
(4,2022,612427.581),

(5,2020,721682.774),
(5,2021,353653.904),
(5,2022,643760.454),

(6,2020,50096.221),
(6,2021,249561.379),
(6,2022,7789.699),

(7,2020,156989.337),
(7,2021,633981.268),
(7,2022,647780.056),

(8,2020,266642.134),
(8,2021,347906.351),
(8,2022,186660.809),

(9,2020,106362.049),
(9,2021,296455.046),
(9,2022,384623.1),

(10,2020,692725.676),
(10,2021,285683.195),
(10,2022,43008.718),

(11,2020,7627.615),
(11,2021,492639.938),
(11,2022,172091.438),

(12,2020,287968.35),
(12,2021,602554.396),
(12,2022,695047.479),

(13,2020,625686.359),
(13,2021,503741.294),
(13,2022,168745.548),

(14,2020,239724.653),
(14,2021,254990.773),
(14,2022,60237.396),

(15,2020,287282.749),
(15,2021,197341.307),
(15,2022,602797.316),

(16,2020,329569.56),
(16,2021,539112.637),
(16,2022,730092.228),

(17,2020,750398.821),
(17,2021,696904.945),
(17,2022,797255.138),

(18,2020,178307.063),
(18,2021,9556.446),
(18,2022,786479.137),

(19,2020,716416.124),
(19,2021,738321.225),
(19,2022,469557.705),

(20,2020,522178.14),
(20,2021,266857.917),
(20,2022,773269.467),

(21,2020,641629.015),
(21,2021,139442.021),
(21,2022,333800.933),

(22,2020,541432.123),
(22,2021,12937.805),
(22,2022,346809.834),

(23,2020,707530.567),
(23,2021,446801.029),
(23,2022,777220.069),

(24,2020,637710.175),
(24,2021,438835.759),
(24,2022,514231.858),

(25,2020,29750.429),
(25,2021,786777.854),
(25,2022,740611.669),

(26,2020,720363.509),
(26,2021,468405.702),
(26,2022,71831.227),

(27,2020,22888.627),
(27,2021,327751.257),
(27,2022,753186.861),

(28,2020,511597.692),
(28,2021,592844.623),
(28,2022,286659.033),

(29,2020,157974.573),
(29,2021,673973.129),
(29,2022,329255.431),

(30,2020,554413.917),
(30,2021,208568.346),
(30,2022,756240.103),

(31,2020,307659.132),
(31,2021,557943.339),
(31,2022,610221.028),

(32,2020,407821.56),
(32,2021,365619.353),
(32,2022,630398.343),

(33,2020,467566.579),
(33,2021,672802.651),
(33,2022,591197.204),

(34,2020,577324.769),
(34,2021,66610.213),
(34,2022,728274.252),

(35,2020,652451.016),
(35,2021,188113.528),
(35,2022,314095.113),

(36,2020,256534.562),
(36,2021,721340.692),
(36,2022,630737.886),

(37,2020,693211.459),
(37,2021,713504.724),
(37,2022,25151.424),

(38,2020,677643.123),
(38,2021,305555.871),
(38,2022,300594.659),

(39,2020,750937.98),
(39,2021,410992.499),
(39,2022,570850.069),

(40,2020,150603.606),
(40,2021,365480.184),
(40,2022,299120.165),

(41,2020,780298.912),
(41,2021,227675.004),
(41,2022,345732.954),

(42,2020,301136.604),
(42,2021,466608.82),
(42,2022,620234.291),

(43,2020,45756.398),
(43,2021,350235.709),
(43,2022,34714.675),

(44,2020,480141.432),
(44,2021,558728.498),
(44,2022,22116.885),

(45,2020,311492.223),
(45,2021,288698.63),
(45,2022,567756.553),

(46,2020,719709.175),
(46,2021,572685.13),
(46,2022,584232.527),

(47,2020,204348.421),
(47,2021,220144.725),
(47,2022,623529.527),

(48,2020,605969.428),
(48,2021,233147.63),
(48,2022,243852.549),

(49,2020,70036.776),
(49,2021,155389.788),
(49,2022,737953.377),

(50,2020,19255.447),
(50,2021,294674.277),
(50,2022,364189.748),

(51,2020,438299.983),
(51,2021,68054.293),
(51,2022,80922.508),

(52,2020,764199.639),
(52,2021,100815.069),
(52,2022,429624.033),

(53,2020,326073.216),
(53,2021,727952.11),
(53,2022,47996.714),

(54,2020,591865.943),
(54,2021,67042.241),
(54,2022,330735.953),

(55,2020,382351.59),
(55,2021,234437.308),
(55,2022,178937.36),

(56,2020,698010.922),
(56,2021,662271.147),
(56,2022,531643.83),

(57,2020,620835.021),
(57,2021,234878.0),
(57,2022,545346.119),

(58,2020,481745.042),
(58,2021,383084.198),
(58,2022,26243.504),

(59,2020,676289.096),
(59,2021,629334.289),
(59,2022,521933.122),

(60,2020,74904.347),
(60,2021,136540.119),
(60,2022,585278.053),

(61,2020,387795.141),
(61,2021,531844.342),
(61,2022,39550.505),

(62,2020,175630.954),
(62,2021,220042.921),
(62,2022,502181.077),

(63,2020,697459.22),
(63,2021,24462.5),
(63,2022,425402.605),

(64,2020,635877.186),
(64,2021,615581.826),
(64,2022,743601.928),

(65,2020,227582.52),
(65,2021,677296.396),
(65,2022,540818.41),

(66,2020,568652.479),
(66,2021,357217.428),
(66,2022,337677.602),

(67,2020,326362.538),
(67,2021,458128.746),
(67,2022,105555.95),

(68,2020,320640.002),
(68,2021,714596.999),
(68,2022,209610.726),

(69,2020,599722.164),
(69,2021,151615.573),
(69,2022,335182.659),

(70,2020,663482.662),
(70,2021,432659.273),
(70,2022,720522.466),

(71,2020,57172.447),
(71,2021,95253.93),
(71,2022,592556.515),

(72,2020,797815.607),
(72,2021,214085.106),
(72,2022,344962.609),

(73,2020,326965.971),
(73,2021,640756.883),
(73,2022,531715.104),

(74,2020,743450.383),
(74,2021,282368.549),
(74,2022,639182.918),

(75,2020,70275.483),
(75,2021,201751.339),
(75,2022,679637.842),

(76,2020,115268.544),
(76,2021,167448.85),
(76,2022,390235.368),

(77,2020,60272.522),
(77,2021,154477.933),
(77,2022,310328.52),

(78,2020,327619.858),
(78,2021,204227.941),
(78,2022,428908.103),

(79,2020,570453.733),
(79,2021,112082.702),
(79,2022,792609.123),

(80,2020,408135.283),
(80,2021,27642.033),
(80,2022,742933.137),

(81,2020,125532.342),
(81,2021,64815.701),
(81,2022,600825.198);

